Activation,Adam,Nadam
sigmoid,861.9729486,840.15779982
swish,1073.32732191,
tanh,1152.12082958,1165.36880072
