Activation,Adam,Nadam
sigmoid,636.75202885,633.65374211
swish,679.01983769,
tanh,693.14247069,692.09017133
